{
    "atlag": {
        "mean": 122.81942100503663,
        "std": 2.432755976156706
    },
    "szoras": {
        "mean": 104.51580462154324,
        "std": 1.8372232970781133
    },
    "ferdeseg": {
        "mean": 0.43153244019869136,
        "std": 0.006794278899638743
    },
    "csucsossag": {
        "mean": -1.761571053285631,
        "std": 0.0048995523323246415
    },
    "energia": {
        "mean": 78.19213992673993,
        "std": 1.849493674413744
    },
    "max_intenzitas": {
        "mean": 255.0,
        "std": 0.0
    },
    "el_suruseg": {
        "mean": 0.16176312385531136,
        "std": 0.07951676964046976
    },
    "viz_szimmetria": {
        "mean": 68.23573186813186,
        "std": 22.24040121631047
    },
    "fugg_szimmetria": {
        "mean": 72.63544908424909,
        "std": 21.506934592493554
    }
}